,1 도로롱,2 까부냥,3 꼬꼬닭,4 큐룰리스,5 파이호,6 청부리,7 번개냥,8 몽지,9 불꽃밤비,10 펭키,11 펭킹,12 찌릿도치,12b 코치도치,13 초롱이,14 미호,15 아테노울,16 차코리,17 뚱코알라,18 밀피,19 몽마둥이,20 돌진돼지,21 루나티,22 두더비,23 고스문,24 냐옹테트,24b 칠테트,25 루미카이트,26 다크울프,27 알록새,28 토푸리,29 밀카우,30 가시공주,31 샤키드,31b 샤맨더,32 건다리,32b 유령건다리,33 초판다,33b 썬더판다,34 캔디쉽,35 베리고트,36 멜파카,37 신령사슴,37b 신령사슴 테라,38 나이트윙,39 핑토,40 헬고트,40b 아비스고트,41 귀요비,42 불페르노,43 도도롱,44 마스크로우,45 도마맨,45b 칠리자드,46 달서니,47 질풍수리,48 로빈몽,48b 산도로,49 고릴레이지,50 비나이트,51 퀸비나,52 소름냥이,53 모프링,54 모프킹,55 베비뇽,56 썬더콘,57 빙호,58 파이린,58b 사라블랙,59 마호,60 썬도그,61 불미호,62 썬더 키드,63 루나리스,64 플로라디노,64b 찌르르디노,65 씨무기,65b 씨무기 테라,66 마레이스,67 드릴북이,68 냥뱃,69 핑크뇽,70 라비,71 버드래곤,71b 시로카바네,72 불무사,73 라이버드,74 적토조,75 캐티메이지,76 마호,77 초토리,78 비오레타,79 실키누,80 실피아,81 켈시,81b 마그피스,82 아주리비,83 백랑이,84 만티파이어,84b 시니에노,85 헤로롱,85b 핑피롱,86 라브라돈,86b 스프라돈,87 플로리나,88 볼카노,88b 프로스카노,89 킹파카,89b 아이스 킹파카,90 그린모스,90b 블리자모스,91 움포,91b 트로피티,92 장수벌레,93 윈드디어,94 블러드캐티,95 페스키,96 마그마카이저,97 헬가루다,98 라바드래곤,99 데스스팅,100 아누비스,101 레비드라,101b 아그니드라,102 주작,102b 시바,103 일렉판다,104 릴린,104b 루나퀸,105 호루스,106 전룡맨,107 제노그리프,108 팔라디우스,109 켄타나이트,110 빙천마,110b 흑천마,111 제트래곤
1 도로롱,1 도로롱,1 도로롱,3 꼬꼬닭,14 미호,4 큐룰리스,5 파이호,4 큐룰리스,12 찌릿도치,39 핑토,7 번개냥,77 초토리,77 초토리,,10 펭키,2 까부냥,,,4 큐룰리스,,,1 도로롱,,,,,,,81 켈시,,,,,,,,,,,6 청부리,,,,,,,,,,,,,,,,,,,,,,,,69 핑크뇽,,44 마스크로우,,,,21 루나티,,,,,,,,,,,63 루나리스,,86 라브라돈,,,,,,,30 가시공주,,,,,,,,,,,,,,,,,,,,,,,,,,,,,61 불미호,64 플로라디노,,48 로빈몽,36 멜파카,43 도도롱,,,,,,,,,,,,,87 플로리나
2 까부냥,1 도로롱,2 까부냥,24 냐옹테트,14 미호,4 큐룰리스,5 파이호,4 큐룰리스,10 펭키,39 핑토,70 라비,77 초토리,32 건다리,,10 펭키,18 밀피,4 큐룰리스,24 냐옹테트,32 건다리,2 까부냥,27 알록새,23 고스문,30 가시공주,,,1 도로롱,,76 마호,81 켈시,5 파이호,12 찌릿도치,,15 아테노울,,,4 큐룰리스,,,,30 가시공주,34 캔디쉽,,,,,,,,,,21 루나티,,,,,,,,,,,,,,,,,,,76 마호,,,,,,,,,,,,,,,,,,,,39 핑토,,,,,,,,,,,,,,,,,,,,,,,,,,,,,,55 베비뇽,,48 로빈몽,36 멜파카,36 멜파카,,,,,,,,,,,,,87 플로리나
3 꼬꼬닭,24 냐옹테트,3 꼬꼬닭,3 꼬꼬닭,,14 미호,,,12 찌릿도치,,,,,,,,,,,,,,,,,,,,28 토푸리,,,,,,,,,,,,,34 캔디쉽,,,,,,,,,,,,,,,,,,,37 신령사슴,,,,66 마레이스,,,,,,,,,,,,,,,,,,,44 마스크로우,,,,,,6 청부리,,,,,,,,,,,,,,,,,,,,,,,,,,,,,,61 불미호,,47 질풍수리,29 밀카우,29 밀카우,,,,,,,,,,,64 플로라디노,,42 불페르노
4 큐룰리스,14 미호,1 도로롱,,4 큐룰리스,32 건다리,,,27 알록새,,,,,,,,,,70 라비,,,,,,,,,,8 몽지,,10 펭키,,,,,,,,,,,,,,,,,,,,76 마호,,,,,,,,,,,,,,,,,,,,,,30 가시공주,,,,,,,,,,,,,,,,,23 고스문,,13 초롱이,,,,,,,,,,,,,,,,,,,,,,,,,,,,42 불페르노,,94 블러드캐티,25 루미카이트,,,,,,,,,,,,,,57 빙호
5 파이호,4 큐룰리스,4 큐룰리스,14 미호,32 건다리,5 파이호,12 찌릿도치,70 라비,30 가시공주,28 토푸리,12 찌릿도치,,,,30 가시공주,,5 파이호,,,4 큐룰리스,,,23 고스문,,,,,20 돌진돼지,19 몽마둥이,12 찌릿도치,,,,,,,,,,,,,,,29 밀카우,,77 초토리,,,,,,,,,,,,22 두더비,,,46 달서니,10 펭키,,,,,,,,,,,,,,93 윈드디어,,81b 마그피스,,44 마스크로우,,,37 신령사슴,,,,,,,,,,,6 청부리,,,,,,,,,,,,,,,,,,,,,62 썬더 키드,,,,87 플로리나,,93 윈드디어,67 드릴북이,67 드릴북이,60 썬도그,,,,,,,,,,,,68 냥뱃
6 청부리,5 파이호,,,,12 찌릿도치,6 청부리,,23 고스문,,,,,,,,,,,,,,,,,,,,34 캔디쉽,,,,,,,,,,,,,,20 돌진돼지,,,,,,,,,,,,,,,,,,,,,,,,,,,,,,,,,,,,,,,,,,,,,,,8 몽지,,,,,,,,,,,,,,,,,,64 플로라디노,,,,,,,,,,,,60 썬도그,,46 달서니,64 플로라디노,,,,,,,,,,,,,,84 만티파이어
7 번개냥,,,,,70 라비,,7 번개냥,6 청부리,,,,,,,,,14 미호,,,,,,,,,,,19 몽마둥이,,,76 마호,12 찌릿도치,,,,,,,,,,,,,,94 블러드캐티,77 초토리,,,9 불꽃밤비,,,,21 루나티,,,,,,,,,,,49 고릴레이지,,,,,,,,,,,93 윈드디어,,,,,,,,,,,,,23 고스문,,,,,,,,,,,85b 핑피롱,,,,,,,,,,,,,,,,,,55 베비뇽,87 플로리나,,77 초토리,86 라브라돈,,,,,,,,,,,,,,
8 몽지,12 찌릿도치,10 펭키,,27 알록새,30 가시공주,,,8 몽지,62 썬더 키드,,36 멜파카,36 멜파카,,,,,,30 가시공주,,,,,,,,,,9 불꽃밤비,,,,,,,,,,,,,,,,,,,,,,,,,34 캔디쉽,,,,,,,,,81b 마그피스,,,,,,,,,,,,,,,,,,,,,,,,,,,62 썬더 키드,,,,,81 켈시,,,,,,,,,,,,,,,,,,,,,,,,,75 캐티메이지,,29 밀카우,87 플로리나,,,,,,,,,,,,,,
9 불꽃밤비,39 핑토,,,,28 토푸리,,,62 썬더 키드,9 불꽃밤비,,,,,,,,,,,34 캔디쉽,,,,,,,,63 루나리스,,,,,,,,,,,,,,,,,,77 초토리,,,,,,,,78 비오레타,,,,31 샤키드,,,,,,,,,,,,,,,,,,,,,,,,,29 밀카우,,,,,,76 마호,,,,,,,,,,,,,,,,,,,,,,,,,,,,,,71 버드래곤,,86 라브라돈,60 썬도그,,,,,,,,,,,,,,
10 펭키,7 번개냥,,,,12 찌릿도치,,,54 모프킹,,10 펭키,,,,,5 파이호,,,,,,,,,,,,,62 썬더 키드,27 알록새,30 가시공주,20 돌진돼지,,,,,,,,,20 돌진돼지,45 도마맨,,,,,,,,,,,,,,,,,,,,,30 가시공주,,,,,,,,,,,,,,,,,,78 비오레타,,,,,,,,,81 켈시,,,,,,,,,,,,,,,,,,,,,,,,,,21 루나티,,,,68 냥뱃,,46 달서니,61 불미호,61 불미호,,,,,,,,,,,,,
11 펭킹,77 초토리,,,,,,,,,,11 펭킹,11 펭킹,,,,,,,,,,,,,,,,,,,,,,,,,,,,,,,,,,,,,,84 만티파이어,,,,60 썬도그,,,,,,,,,,,,,,,,,,,,,,,,,63 루나리스,72 불무사,,,,,100 아누비스,,,,,,,,,,,,,,,,,,,,,,,,,,,,,,,,,,51 퀸비나,,80 실피아,38 나이트윙,,,,,,,,,,,,,,
12 찌릿도치,32 건다리,,,,17 뚱코알라,,15 아테노울,39 핑토,,12b 코치도치,46 달서니,46 달서니,,,,,,,7 번개냥,,,,,6 청부리,,,,62 썬더 키드,,,,27 알록새,19 몽마둥이,,5 파이호,,,,28 토푸리,,,,,,27 알록새,93 윈드디어,,35 베리고트,44 마스크로우,20 돌진돼지,22 두더비,,,76 마호,,76 마호,34 캔디쉽,,,,69 핑크뇽,27 알록새,,31 샤키드,,,,,,,,23 고스문,13 초롱이,,,,,,,,,,48 로빈몽,,,,,47 질풍수리,81 켈시,,,,46 달서니,30 가시공주,,35 베리고트,,49 고릴레이지,,61 불미호,,,,44 마스크로우,,,,,,,,,,,34 캔디쉽,,,87 플로리나,57 빙호,,93 윈드디어,67 드릴북이,,84 만티파이어,75 캐티메이지,,,,,,,,,,,
12b 코치도치,,,,,,,,53 모프링,,,,,12b 코치도치,,,,,,,,,,,,,,,,,,,,,,,,,,,,,,,,,,,,,,,,,,,,,,,,,,,,,,,,,,,,,,,,,,,,,,,,,,,,62 썬더 키드,,,,,,,,,,,,,,,,,,,,,,,,,,,,,61 불미호,68 냥뱃,,46 달서니,61 불미호,,,,,,,,,,,,,,
13 초롱이,10 펭키,,,,30 가시공주,,,8 몽지,,,,,,13 초롱이,,,,,,,34 캔디쉽,,,,,,,66 마레이스,,,,,,,,,,,,,,44 마스크로우,,,,,,,,,,,,,,,,,,,,,,,,,,,,,,,,,,,,,,,,,,,,,,,53 모프링,,,,,,,,,,,,,,,,,,,,,,,,,,20 돌진돼지,,,,75 캐티메이지,,29 밀카우,87 플로리나,,,,,,,,,,,,,,
14 미호,2 까부냥,,,,,,,,,,,,,,14 미호,,,,,,,,,,,,,81 켈시,,,,,,,,,,,,,,,,,,,,,,21 루나티,,,,,,,,,,,,,,,,,29 밀카우,,,,,,,,,,,,,,,,,,,,,,,,,,,,,,,,,,,,,,,,,,,,,,,,,,,,55 베비뇽,,94 블러드캐티,59 마호,,,,,,,,,,,,,,
15 아테노울,4 큐룰리스,,,,5 파이호,,,30 가시공주,,,,,,,,15 아테노울,,,,,,,,,,,,,,,,,,,,,,,,,,,,,,,,,,66 마레이스,,,,,,,,,,,,,,,,,,,,,,,,,,,,,,,,,47 질풍수리,,,,,,,,,,,,,,,,,,,,,,,,,,,,,,,,,,,,57 빙호,,93 윈드디어,,,,,,,,,,,,,,,
16 차코리,24 냐옹테트,,,,,,,1 도로롱,,,,,,,,,16 차코리,,,,39 핑토,,,,,,,81b 마그피스,,,62 썬더 키드,,,,,,,,,,,,,,,,,,,34 캔디쉽,,,,,,,,,,,,5 파이호,,,,,,,,,,,,,,,,,,,,,,,,,,,,,,,,12 찌릿도치,,,,,,36 멜파카,,,,,,,,,,,,,,,,,,,64 플로라디노,,47 질풍수리,43 도도롱,,,,,,,,,,,,,,
17 뚱코알라,4 큐룰리스,,,70 라비,,,,30 가시공주,,,,,,,,,,17 뚱코알라,,,,,,,,,,22 두더비,,,,,,,,,,,,,,,,,27 알록새,,,,,,,8 몽지,,,,,,,,,,,,,,,,,,,,,,,,,,,,,,15 아테노울,,,,,,,,,,,,,,,,,,,,,,,,,,,,,,,,,,,,,57 빙호,,93 윈드디어,,,,,,,,,,,,,,,
18 밀피,,,,,4 큐룰리스,,,10 펭키,,,,,,,,,,,18 밀피,,,,,,,,,81 켈시,,,21 루나티,,,,,,,,30 가시공주,,,,,,,,,,,21 루나티,,,,,,,,,,,,,,,,,,,,,,,,,,,,,,,,,,,,,,,,,,,,,,,,,,,,,,,,,,,,,,,,,,,,,55 베비뇽,,94 블러드캐티,,,,,,,,,,,,,,,
19 몽마둥이,10 펭키,,,28 토푸리,,,,13 초롱이,,,,,,,27 알록새,,,53 모프링,,19 몽마둥이,,,,,,,,,,,,,,,,,,,,,,47 질풍수리,,,,,,,,26 다크울프,,,,,,,,,,,,,,,,,,,,,,,,,,,,,,,,,,,,,,,,,,,,,,,,,,,,,,,,,,,,,,,,,45 도마맨,42 불페르노,,,56 썬더콘,,43 도도롱,,,,,,,,,,,,,,,
20 돌진돼지,53 모프링,,,28 토푸리,,,,34 캔디쉽,,,,,,,,,39 핑토,,,,20 돌진돼지,9 불꽃밤비,,,53 모프링,,94 블러드캐티,31 샤키드,,,,,,,94 블러드캐티,,,,,,,,,,,,,,,,,20 돌진돼지,,,,,,,,,,,,,,,,,,,,,,,,67 드릴북이,,,,69 핑크뇽,,,,,,,,,,,,,,,,,,,,,,,,,,,,,,,,,,,,,,,71 버드래곤,,67 드릴북이,,,,,,,,,,,,,,,
21 루나티,30 가시공주,,,,23 고스문,,,62 썬더 키드,,,,,,,,,,,,,9 불꽃밤비,21 루나티,,,,,,45 도마맨,,,,,,,,,,,,,,,,55 베비뇽,,,,,,,,,,,,,,,,,,,,,,,,,47 질풍수리,,,,,,,36 멜파카,,,,,,,,,,,,,,,,,,,,,,,,,,,,,,,,,,,,,,,,,,,71 버드래곤,,59 마호,,,,,,,,,,,,,,,
22 두더비,27 알록새,,,,,,,19 몽마둥이,,,,,,,,,,,,,,,22 두더비,,,,,,,,,,,,,,,,,,,,,,,,,,,,,,,,,48b 산도로,,,,,,,,,,,,,,,,,,,,,,,,,,,,,,,,,,,,,,,,,,,,,,,,,,,,,,,,,,,,,,,56 썬더콘,,43 도도롱,,,72 불무사,,,,,,,,,,,,
23 고스문,17 뚱코알라,,,,,,,81b 마그피스,,,,,,,,,,,,,,,,23 고스문,,,,,,,,,,,,,,,,,,,,,,,,,,,,,,,,,,,,,,,,,,,,,,,,,,,,,,,,,,,,,,,,,,,,,,,,,,,,,,,,,,,,,,,,,,,,,,,84 만티파이어,,35 베리고트,,,,,,,,,,,,,,,
24 냐옹테트,1 도로롱,,,,,,,,,,,,,,,,,4 큐룰리스,,,53 모프링,,,,24 냐옹테트,,,,,,,,,,,,,,,,,,,,,,,,,,,,,,,,,,,,,,,,,,,,,,,,,,,,,,,,,,,,,,,,,,,,,,,,,,,,,,,,,,,,,,,,,,,,,,64 플로라디노,,47 질풍수리,,,,,,,,,,,,,,,
24b 칠테트,,,,,,,,,,,,,,,,,,,,,,,,,,24b 칠테트,,,,,,,,,,,,,,,,,,,,,,,,,,,,,,,,,,,,,,,,,,,,,,,,,,,,,,,,,,,,,,,,,,,,,,,,,,,,,,,,,,,,,,,,,,,,,42 불페르노,,94 블러드캐티,,,,,,,,,,,,,,,
25 루미카이트,76 마호,,,,20 돌진돼지,,,,,63 루나리스,,,,,,,,,,,94 블러드캐티,,,,,,25 루미카이트,46 달서니,,,,,,,,,,,,,59 마호,36 멜파카,,,,,,,,59 마호,,,,,,,,,,,,,,,,,,,,44 마스크로우,82 아주리비,,,,,,,,,,,,,,,,,,,,,,,,,,,,,,,,,,,,,,,,,,,,,,,,52 소름냥이,,84 만티파이어,,,,,,,,,,,,,,,
26 다크울프,81 켈시,,,8 몽지,,,,9 불꽃밤비,63 루나리스,,,,,,,22 두더비,,,81 켈시,,31 샤키드,45 도마맨,,,,,46 달서니,26 다크울프,62 썬더 키드,,,34 캔디쉽,,,,,,,,,,,,,,,,,37 신령사슴,,50 비나이트,,,,,,,,20 돌진돼지,,,,,,,29 밀카우,,,,43 도도롱,46 달서니,20 돌진돼지,,,,,,,,,94 블러드캐티,,,,,,,,,,,,,76 마호,,,,,,,,,,,,,,,,,,,,,,,,,40 헬고트,,64 플로라디노,,,,,,,,,,,,,,,
27 알록새,70 라비,,,17 뚱코알라,12 찌릿도치,,,23 고스문,,,,,,,,,,,,,,,,,,,,,27 알록새,,,20 돌진돼지,,,,,,,,,,,,,,,,,,45 도마맨,,,,,,,,,,,,,,,,,,,,,,,,,,,,,,,,,,,,,,,,,,,,,,,,,,,,,,,,,,,,,,,,,,,,,68 냥뱃,,46 달서니,,,,,,,,,,,,,,,
28 토푸리,12 찌릿도치,,,,,,,81 켈시,,,,,,,,,,6 청부리,,,,,,23 고스문,,,,,,28 토푸리,,,,,,,,,,,,,,,,,,,,31 샤키드,,,,,,,,,,,,,,,,,,,,,,,,,,37 신령사슴,,,,,,,,,,,,,,,,,,,,,,,,,,,,,,,,,,,,,,,,,,,84 만티파이어,,37 신령사슴,,,,,,,,,,,,,,,
29 밀카우,34 캔디쉽,,,,,,76 마호,,,20 돌진돼지,,,,,,,62 썬더 키드,,21 루나티,,,,,,,,,,,,29 밀카우,,,,,,,,,,,,,,,,,,,,,,,35 베리고트,,,,,77 초토리,,84 만티파이어,,71 버드래곤,,,,72 불무사,,,,,,,,,,,,,61 불미호,,,,,,,,,,,,,,,,,,,,40 헬고트,,,,,,,,,,,,,,,,,,,80 실피아,,60 썬도그,,,91b 트로피티,,,,,,11 펭킹,,,,,,82 아주리비
30 가시공주,5 파이호,,,,,,12 찌릿도치,23 고스문,,,,,,,,,,,,,,,,,,,,,,,,30 가시공주,,,,,,,,,,,,,,,,,,,,,,,,,,,,,,,,,,,,,,,,81 켈시,,,,,,,,,,,,,,,,,,,,,,,,,,,,,,,,,,,,,,,,,,,,,,,60 썬도그,,46 달서니,,,,,,,,,,,,,,,
31 샤키드,28 토푸리,,,,,,,76 마호,31b 샤맨더,,,,,,,,,,,,,,,,,,,44 마스크로우,,,,,31 샤키드,,,,,,,,,,,,,,,,,77 초토리,,,,,,,,,,,,,,,,,,,,,,,,,,,,,,,,,,,,,,,,,,,,,,,,,,,,,,,,,,,,,,,,,,,,,72 불무사,,61 불미호,,,100 아누비스,,,,,,,,,,,,
31b 샤맨더,23 고스문,,,,,,,,,,,,,,,,,,,,,,,,,,,,,,,,,31b 샤맨더,,,,,,,,,,,,,,,,,,,,,,,,,,,,,,,,,,,,,,,,,,,,,,,,,,,,,,,,,,,,,,,,,,,,,,,,,,,,,,,,,,,,,72 불무사,,61 불미호,,,1 도로롱,,,,,,,,,,,,
32 건다리,14 미호,,,,,,,,,,,,,,,,,,,,,,,,,,,13 초롱이,,,,,,,32 건다리,,,,,,,37b 신령사슴 테라,,,,,,,,,,,,,,,,,,,,32b 유령건다리,,,,,,,,,,,,,,,,,,,21 루나티,7 번개냥,,,,,,26 다크울프,,,,,,,,,,,,,,,,,,,,,,,,,,,,,,,42 불페르노,,77 초토리,,,,,,,,,,,,,,,
32b 유령건다리,,,,,,,,,,,,,,,,,,,,,,,,,,,,,,,,,,,,32b 유령건다리,,,,,,,,,,,,,,,,,,,,,,,,,,,,,,,,,,,,,,,,,,,,,,,,,,,,,,,,,,,,,,,,,,,,,,,,,,,,,,,,,,,,,77 초토리,,,,,,,,,,,,,,,
33 초판다,46 달서니,,,,,,,,,,,,,,,,,,,,,,,,,,,,,,,,,,,,33 초판다,,,,,,,,,52 소름냥이,,,,,,,,56 썬더콘,,,,,,,,,,40 헬고트,,,,,,,,,,,,,,,,,,,80 실피아,,,,,,,84 만티파이어,,,,,,,,,,,,,,,,,,,,,,,,,,,,,85 헤로롱,,82 아주리비,,,,,,,,,,,,,,,
33b 썬더판다,35 베리고트,,,,,,,,,,,,,,,,,,,,,,,,,,,,,,,,,,,,,33b 썬더판다,,,,,,,,,,,,,,,,,,,,,,,,,,,,,,,,,,,,,,,,,,,,,,,,,,,,,,,,,,,,,,,,,,,,,,,,,,,,,,,,,85 헤로롱,,91b 트로피티,,,,,,,,,,,,,,,
34 캔디쉽,6 청부리,,,,,,,22 두더비,,,,,,,,,,,,,,,,,,,,20 돌진돼지,,,,,,,,,,,34 캔디쉽,,,,,,,,,,,,20 돌진돼지,,,,,,,,,,,,,,,,,,,,,62 썬더 키드,,,,,,,,,,,,,,84 만티파이어,,,21 루나티,,,,,,,,,,,,,,,93 윈드디어,,,,,,,,,,31 샤키드,,,,,56 썬더콘,,59 마호,,,,40 헬고트,,,,,,,,,,,
35 베리고트,,,,,,,,31 샤키드,,20 돌진돼지,,,,,,,,,,,,,,,,,,,,,,,,,,,,,,35 베리고트,,,,,,,,,,,42 불페르노,,,,,,,,,,,,,,,,,,,,,,,,,,,,,,,,,,,,,64 플로라디노,,,,,,,,,,,,,,,,,,,,,,,,,,,,,,,80 실피아,,68 냥뱃,,,,,,,,,,,,,,,
36 멜파카,21 루나티,,,,,,,,,,,,,,,,,,,,,,,,,,,93 윈드디어,,,,,,,,,,,,,36 멜파카,,,71 버드래곤,,,,,67 드릴북이,43 도도롱,,,,,,,,,,,,,,,,,,,,,,,,,,,,,,,,,,,,,,42 불페르노,47 질풍수리,,,,,,,,,,,,,,,,,,,,,,,,,,,,,,11 펭킹,,60 썬도그,,,,,,,,,,,,,,,
37 신령사슴,34 캔디쉽,,,,,20 돌진돼지,,31 샤키드,,,,,,,,,,,,,47 질풍수리,,,,,,,77 초토리,,,,,,,37b 신령사슴 테라,,,,,,,37 신령사슴,,,63 루나리스,,,,,29 밀카우,94 블러드캐티,,,,,,,,,,,,,,,,,,,,,,,,,,,,36 멜파카,,,,,,87 플로리나,,,64 플로라디노,49 고릴레이지,46 달서니,,,,,,,,,,,,,,67 드릴북이,,,,,,,,,,,,,,,80 실피아,,68 냥뱃,,,,,,,,,,,,,,,
37b 신령사슴 테라,34 캔디쉽,,,,,,,,,,,,,,,,,,,,,,,,,,,,,,,,,,,,,,,,,,37b 신령사슴 테라,,,,,,,,,,,,,,,,,,,,,,,,,,,,,,,,,,,,,,,,,,,,,,,46 달서니,,,,,,,,,,,,,,,,,,,,,,,,,,,,,11 펭킹,,60 썬도그,,,,,,,,,,,,,,,
38 나이트윙,46 달서니,,,,29 밀카우,,,,,36 멜파카,,,,,,,,,,,,,,,,,,,,,,,,,,,,,,,,,,38 나이트윙,,79 실키누,,,,,,,,,,,,,,,,,,,,,,,,,,,,,,,,,,,,,,,,,,,,,,,,,,,,,,95 페스키,,,,,,,,,,,,,,,,74 적토조,,,85 헤로롱,,82 아주리비,58 파이린,,,,,,,,,,,,,,
39 핑토,15 아테노울,,,,,,,28 토푸리,,,,,,,,,,27 알록새,,,,,,,,,,34 캔디쉽,,23 고스문,,,,,,,,,,,,,,,39 핑토,,,,,,,,,,,,,,,,,,,,,,,,31 샤키드,,,,,,,,,,,,,,,,,,,,,,,,,,,,,,,42 불페르노,,,,,,,,,,,,,,,,,,68 냥뱃,60 썬도그,,69 핑크뇽,,,,,,,,,,,,,,,
40 헬고트,,,,,,,94 블러드캐티,37 신령사슴,,,,,,,,,,,,,,,,,,,,,,,,,,,,,52 소름냥이,,,,,,,,,40 헬고트,,,,,,,,,,,,,61 불미호,,,,,,,,,,,71 버드래곤,84 만티파이어,,84 만티파이어,,,100 아누비스,,40b 아비스고트,,,,,71 버드래곤,,,,,72 불무사,,,,,100 아누비스,,,,58 파이린,,,33 초판다,33 초판다,,,,,,,,79 실키누,,,,91 움포,,55 베비뇽,74 적토조,,74 적토조,58 파이린,,,79 실키누,,88 볼카노,,,,,,,,,,,,
40b 아비스고트,,,,,,,77 초토리,,,,,,,,,,,,,,,,,,,,,,,,,,,,,,,,,,,,,,,,40b 아비스고트,,,,,,,,,,,,,,,,,,,,,,,,,,,,,,,,,,,,,40 헬고트,,,,,,,,,,,,,,,,,,,,,,,,,,,,,,,,,,,58 파이린,,100 아누비스,,,,,,,,,,,,,,,
41 귀요비,93 윈드디어,,,,,,,25 루미카이트,,,,,,,,,,,,,,,,,,,,,,,,,,,,,,,,,,,,,,,,41 귀요비,,75 캐티메이지,,,,,,,,,,,,,,,,,,,,,,,,,,,,,,,,,100 아누비스,,,,,,,,,,,,,,,,,,,,,,,,,,,,,,,,,,,92 장수벌레,88 볼카노,,80 실피아,,,,,,,,,,,,,,,
42 불페르노,20 돌진돼지,,,,,,,,,61 불미호,,,,,,,,42 불페르노,,,,,,,,,,37 신령사슴,,,,,,,,,,,,,,,,,,,,,42 불페르노,,,,,,,,,,,,,,,,,,,,61 불미호,,,,,,,56 썬더콘,,,,,,,,,,,,,,,,,,,,,,,,,,,,,,,,,,,,,,,,,,,89 킹파카,,56 썬더콘,,,38 나이트윙,,,,,,,,,,,,
43 도도롱,21 루나티,,,,,63 루나리스,,50 비나이트,47 질풍수리,,84 만티파이어,84 만티파이어,20 돌진돼지,50 비나이트,,,,20 돌진돼지,,,94 블러드캐티,49 고릴레이지,26 다크울프,31 샤키드,,,,,45 도마맨,,,63 루나리스,,,76 마호,,71 버드래곤,,,29 밀카우,29 밀카우,29 밀카우,,,,60 썬도그,,,,43 도도롱,77 초토리,,,,46 달서니,46 달서니,46 달서니,,,93 윈드디어,,,,67 드릴북이,42 불페르노,61 불미호,,,,36 멜파카,64 플로라디노,,,,,,,48 로빈몽,,64 플로라디노,,66 마레이스,,,,65 씨무기,,,,,93 윈드디어,,,,,,52 소름냥이,55 베비뇽,87 플로리나,40 헬고트,,59 마호,,61 불미호,,,56 썬더콘,,,,,,,69 핑크뇽,,,,,80 실피아,,60 썬도그,,,89 킹파카,,,,,,,,,,,,
44 마스크로우,81b 마그피스,,,,13 초롱이,,,,45 도마맨,,,,,,,,,,,,,,,,,,,,,,,,,,,,,,,,,,,,,,,,,,44 마스크로우,,,,,,,,,,,,,,,,,,,29 밀카우,,,,,,,,,,,,,,,,,,,,,,,,,,,,,,,,,,,,,,,,,,,,,,,,,40 헬고트,,61 불미호,,,,,,,,,,,,,,,
45 도마맨,23 고스문,,,,,,,,,,,,,,,,,,,,20 돌진돼지,,,,,,,,,,,,,,,,,,,,,,,,,,,,,,,45 도마맨,,,,,,,,,,,,,,,,,,,,,,,,,,,,,,,,,,,,,,,,,,,,,,43 도도롱,,,,,,,,,,,,,,,,,,,,,72 불무사,,67 드릴북이,,,40 헬고트,,,,,,,,,,,,
45b 칠리자드,53 모프링,,,,,,,,,,,,,,,,,,,,,,,,,,,,,,,,,,,,,,,,,,,,,,,,,48 로빈몽,,,45b 칠리자드,,,,,,,,,,,,,,,,,,,,,,,,,,,,,,,,,,,,,,,,,,,,,,,,,,,,,,,,,,,,,,,,,,72 불무사,,67 드릴북이,,,,,,,,,,,,,,,
46 달서니,62 썬더 키드,,,,21 루나티,,,,,,,,,,,,,76 마호,,31 샤키드,,,,,,,,,,,,,,,,,56 썬더콘,,,,,,,,,,,,,37 신령사슴,,,,46 달서니,,,,,,,,,,,,,,,,,36 멜파카,,,,,,,,,,,,55 베비뇽,,,,,,,,,,68 냥뱃,,,,,,,,,,,,,,,,,,,,,,,,,,80 실피아,,57 빙호,,,,,,,,,,,,,,,
47 질풍수리,8 몽지,,,,,,,20 돌진돼지,,,,,,,,,,,,,,,,,,,,,,,,,,,,,,,,,,,,,,,,,,,,,,,47 질풍수리,47 질풍수리,,,,,,,,,,,75 캐티메이지,,,,,,,,,,,,,,,,,,,,,,,,,,,,,,,,,,,,,,,,,,,,,,,,,,,,,,55 베비뇽,,,,80 실피아,,,,,,,,,,,
48 로빈몽,,,,,2 까부냥,,,,,,,,,2 까부냥,,,,,,,,,48b 산도로,,,,,,,,,76 마호,,,,,,,,,,,,,,,,,,,78 비오레타,,,,,48 로빈몽,,,,,,,,,,,,,,,,,,,,,,,,,,,,,,,,,,,,,,,,,,,,,,,,,,,,,,,,,,,,,,,40 헬고트,,42 불페르노,,,,,,,,,,,,,,,
48b 산도로,19 몽마둥이,,,,,,,,,,,,,,,,,,,,,,,,,,,,,,,,,,,,,,,,,,,,,,,,,,,,,,,,48b 산도로,,,,,,,,,,,,,,,,,,,,,,,,,,,,,,,,,,,,,,,,,,,,,,,,,,,,,,,,,,,,,,,,42 불페르노,,,,,,,,,,,,,,,
49 고릴레이지,81 켈시,,,,22 두더비,,,,,,,,,,,,,,,,,,,,,,,,,,,,,,,,,,,,,,,,,,,,,93 윈드디어,,,,,,,,49 고릴레이지,,,,,,,,,,,,,,,,,,,,,,,,,,,,,,,,,,,,,,,,59 마호,,,,,,,,,,,,,,,,,,,,,,,55 베비뇽,,,,,,,,,,,,,,,
50 비나이트,81 켈시,,,,,,,76 마호,,,,,,,,,,,,,,,,,,,,20 돌진돼지,,,77 초토리,,,,,,,,,,,,,,,61 불미호,,,,,,,,,,,,,50 비나이트,,,,,,,,,,,,,,,,,,,,29 밀카우,,,,,,,,,,,,,,,,,,,,,,,,,,,,,,,,,,,,,,,,,,64 플로라디노,,,,,,,,,,,,,,,
51 퀸비나,,,,,,,,,,,,,,,,,,,,,,,,,,,,,,,,,,,,,,,,,,,,,,,,,,,,,,,,,,,,51 퀸비나,,,,,,,,,,,,,,,,,,,,,,,,,,,,,,,,,,,,,,,,,,,,,,,54 모프킹,,,,,,,,,,,,,,79 실키누,,,,,,,,,,,,,,,
52 소름냥이,,,,,46 달서니,,,,,,,,,,,,,,,,,,,,,,,42 불페르노,,,84 만티파이어,,,,,,,,,,,,,,,,,,,75 캐티메이지,,,,,,,,,,,52 소름냥이,,,,,72 불무사,,,,,,,,,,,,,,,,,,,,,,,,,,,,,,,,,,,,,,,,,,,,,,,,,,,,,,,80 실피아,,,,,,,,,,,,,,,
53 모프링,17 뚱코알라,,5 파이호,,,,,81b 마그피스,,,,,,,,,,,,,,,,,,,,,,,,,,,32b 유령건다리,,,,,,,,,86 라브라돈,,,,,,31 샤키드,,,,,,,,,,,,53 모프링,,,,,,,,,,,,,,,,,,,,,93 윈드디어,,,,,,,,,,,,,,,,,,,,,,,,36 멜파카,,,,,,,,,,,68 냥뱃,,,35 베리고트,,,,,,,,,,,,,,,
54 모프킹,69 핑크뇽,,,,,,,,,,,,,,,,,43 도도롱,,,,,,,,,,,,,71 버드래곤,,,,,,,,,,,,,,,,,,,,,,,,,,,,,,,,54 모프킹,,,,,,,,,,,,,,,,,,,,,,,,,,,,,,,,,,,,,,,,,,,,,,,,,,,,,,,,,,41 귀요비,,,,,,,,,,,,,,,
55 베비뇽,20 돌진돼지,,,,,,,,,,,,,,,,,,,,,,,,,45 도마맨,,,,,,,,,,,40 헬고트,,,,,,,,,,,,,,,,,,,,,,,,,,,55 베비뇽,60 썬도그,,,,,,,94 블러드캐티,,,,,,,,,,,60 썬도그,,,,,,,43 도도롱,,,67 드릴북이,,,,,,,,,,,,,,72 불무사,,80 실피아,,,,,36 멜파카,29 밀카우,100 아누비스,,,,,56 썬더콘,65 씨무기,,,,,,,,,,,,,,
56 썬더콘,44 마스크로우,,,,,,,,,,,,,,,,,,50 비나이트,,,,,,,,,,,,,,,,,,,,,,,,,,,,,,,,,,,,,,,,,,,,,60 썬도그,56 썬더콘,,,,87 플로리나,,,,,68 냥뱃,,,,47 질풍수리,,,,,56 썬더콘,,,79 실키누,,,,,,,,,,,,,,,,,,60 썬도그,,,,,,,100 아누비스,100 아누비스,,,,,,,,,72 불무사,,,,,,,,,,58 파이린,,,,,
57 빙호,63 루나리스,,,,,,,,,26 다크울프,,,,,,,,,,,,,,,,,,,,,,,,,,,,,,,,,,,,,,,,61 불미호,,,,,,,,,,,,,,,,57 빙호,,,,,,,,,,,,,,,,,71b 시로카바네,,75 캐티메이지,,,,,,,,,,,,,,,,,,,,,,,,,,,,,,,,,,,,71 버드래곤,,,,,,,,,,,,,,,
58 파이린,37 신령사슴,,,,,,,,,,,,,,,,,,,,,,,,,,,84 만티파이어,,,72 불무사,,,,,,,,,,,,,74 적토조,,,,,,,,,,,75 캐티메이지,,,,,,,,,,,,58 파이린,,,,,,,,,,,68 냥뱃,,,,,,,,,,,,,,,,,,,,,,88 볼카노,,,,,,,,,,,,,,,,58 파이린,,85 헤로롱,99 데스스팅,,91 움포,,,,,,,,,,,,,,,
58b 사라블랙,67 드릴북이,,,,,,,,,,,,,,,,,,,,,,,,,,,,,,,,,,,,,,,,,,,,,,,,,100 아누비스,,,,,,,,,,,,,,,,,,58b 사라블랙,,,,,,,,,,,,,,,,,,,,,,,,,,,,,,,,,,,,,,,,,,,,,,,72 불무사,,,,,,54 모프킹,,,,,,,,,,,,,,,
59 마호,21 루나티,,,,,,,,,,,,,,,,,,,,,,,,,,,,,,,,,,,,,,,,36 멜파카,,,,,,,,,,,,,,,,,,,,,,,,51 퀸비나,,,,59 마호,,67 드릴북이,,,,,84 만티파이어,,,,,,,,,,,,,,,,,,,,,,,,,,,,,,,,,35 베리고트,,,,,,,,,,,,60 썬도그,,,,,,,,,,,,,,,
60 썬도그,63 루나리스,,,,,,,,,,,,,,,,,,,,,,,,,,,,,,,,,,,,,,,,,,,,,71 버드래곤,,,,,,,,,,,,,,,,,,,84 만티파이어,,,,,60 썬도그,,,,64b 찌르르디노,,,,,,,,,,,,,,,,,,,72 불무사,,,,,,,,,,,,,,,,,,,,,,,,,,,,71 버드래곤,,,,,,,,,,,,,,,
61 불미호,,,,,,,,,,,,,,,,,,,,,,,,,,,67 드릴북이,,,,,,,,,,,,,,,,,,,84 만티파이어,,,,86 라브라돈,46 달서니,,,,35 베리고트,,,35 베리고트,,,,,,,,,,,,,61 불미호,,,,,,,,,,,,,,,,,,,,,,,,,,,,,,,,,,,,,,,,,,,,,,,,,,75 캐티메이지,,,,,,,,,,,,,,,
62 썬더 키드,,,,,,,,19 몽마둥이,,,,,,,,,,,,,,,,,,,,20 돌진돼지,,,,,,,,,,,,,,,,,,,,,,78 비오레타,,,,,,,,,,,,,,,,,,,,,,62 썬더 키드,,,,,,,,,,,,,,,,,,,,,,,,,,,,,,,,,,,,,,,,,,,,,,,,,36 멜파카,,,,,,,,,,,,,,,
63 루나리스,23 고스문,,,,,,,,,,,,,,,,,8 몽지,28 토푸리,,45 도마맨,,,,,,,31 샤키드,,34 캔디쉽,,,,,,,,,,,,,,,,,,,46 달서니,94 블러드캐티,,,,,,,,,,,,62 썬더 키드,,,43 도도롱,,,,,,,76 마호,63 루나리스,,,,,,,,47 질풍수리,,36 멜파카,,,,,29 밀카우,20 돌진돼지,,,,,34 캔디쉽,,,,,,75 캐티메이지,56 썬더콘,93 윈드디어,,,,,42 불페르노,,,,,,,,,60 썬도그,,,,,67 드릴북이,,,,,,,,,,,,,,,
64 플로라디노,,,,,,,,47 질풍수리,,,56 썬더콘,56 썬더콘,,,,,,,,,,,,,,,,,,,,,,,,,,,,,,,,,,84 만티파이어,,,,,,,,,,,,,,,,,,,68 냥뱃,,,,,,,,,64 플로라디노,,,,,,42 불페르노,,,,,,,,,,,,,,,,,,,,,,,,,,,,,,,,,,,,,,,,,75 캐티메이지,,,,,,,,,,,,,,,
64b 찌르르디노,,,,,,,,,,,,,,,,,,,,,,,,,,,,,,,,,,,,,,,,,,,,,,,,,,67 드릴북이,,,,,,,,,,,,,,,,,,,,,,,,,64b 찌르르디노,,,,,,,,,,,,,,,,,,,,,,,,,,,,,,,,,,,,,,,,,,,,,,56 썬더콘,,,,,,,,,,,,,,,
65 씨무기,,,,,,,,,,46 달서니,,,,,,,,,,,,,,,,,,,,,,,,,,,,,,,,,,,,,,,56 썬더콘,,,,,,,,,,,,,,,,,,,,,,,,,,,65 씨무기,,,,,,,,,,,,,,,,,,,,,,,,,,,,,,,,,,,,,,,,,,,,,100 아누비스,,,,,,,,,,,,,,,
65b 씨무기 테라,,,,,,,,,,,,,,,,,,,,,,,,,,,,,,,,,,,,,,,,,,,,,,,,,,,,,,,,,,,,,,,,,,,,,,,,,,,,,65b 씨무기 테라,,,,,,,,,,,,,,,,,,,,,,,,,,,,,,,,,,,,,,,,,,,,65 씨무기,,,,,,,,,,,,,,,
66 마레이스,,,,,81b 마그피스,,,,,,,,,,,,,,,,,,,,,,,,,,,,,,,,,,,,49 고릴레이지,,,,,40b 아비스고트,,,,,,,,,,,,31 샤키드,,,,,,,47 질풍수리,,,,,,,,,,,,,66 마레이스,,,,,,,,,,37 신령사슴,,,,,,,,,,,,,,,,,,,,,,,,,,,,,,,,,86 라브라돈,,,,,,,,,,,,,,,
67 드릴북이,,,,,,,,,,,,,,,,,,,,,,,,,,,,,,,,,,,,,,,,,,,,,,,,,,25 루미카이트,,,,,,,,,,,,,,,,,,,,,,,,,,,,,67 드릴북이,,,,,,,,,,,,,,,,,,,,,,,,,64 플로라디노,,,,,,,,,,,,,,,,,84 만티파이어,,,,,,,,,,,,,,,
68 냥뱃,,,,,,,,,,,72 불무사,72 불무사,,,,,,,,,69 핑크뇽,,,,,,,,,,,,,,,,,,,,,,,,,,,,,,,,,,,,,,,,,,,,,,,,,,,,,,,,,,,68 냥뱃,,,61 불미호,,,,,,,,,,,,,,,,,,,,,,,,,,,,,,,,,,,,,,71 버드래곤,,,68 냥뱃,,,,,,,,,,,,
69 핑크뇽,93 윈드디어,,,,,,,31 샤키드,,,,,,,,,,76 마호,,,,,,,,,,94 블러드캐티,,,,,,,,,,,,,,,,,,,,,,37 신령사슴,,,,,,,,,,,,,,,,,,,,,,,,,,,,,,,69 핑크뇽,,,,,,,,,,,,,,,,,,,,,,,,,,,,,,,,,,93 윈드디어,,,,,,68 냥뱃,,,82 아주리비,,,,,,,,,,,,
70 라비,,,,32 건다리,,,,6 청부리,,,,,,30 가시공주,,,,,,,,,,,,,,,,,,,,,,,,,,,,,,,,,,,,,,,,,,,,,,,,,,,,,,,,,,,,,,,,,,,,70 라비,,,,,,78 비오레타,,,,,,,,,,,,,,,,,,,,,,,,,,,,,,,,,77 초토리,,,,,,,,,,,,,,,
71 버드래곤,,,44 마스크로우,,37 신령사슴,,,,29 밀카우,,,,,,,47 질풍수리,,,,,,37 신령사슴,,,,,,,,,,,,,,,,,,,87 플로리나,,,,,,,,,87 플로리나,,,,55 베비뇽,,,,,,,,,80 실피아,60 썬도그,56 썬더콘,71b 시로카바네,52 소름냥이,,,,,,,,,40 헬고트,,,,84 만티파이어,,,71 버드래곤,,,,,,,,,,40 헬고트,46 달서니,,,,,,89 킹파카,,57 빙호,,,,,,,,,,,,,,,,,38 나이트윙,,105 호루스,91b 트로피티,,,,,,,,,,,,,,
71b 시로카바네,,,,,,,,,,,,,,,,,,,,,,,,,,,,,,,,,,,,,,,,,,,,,,,,,,,,,,,,,,,,,,,,,,,,,,,,,,,,,,,,,,,,71b 시로카바네,,,,,,,,,,,,,,,,,,,,,,,,,,,,,,,,,,,,,40 헬고트,,,,,,,,,,,,,,,
72 불무사,,,,,,,,,,,100 아누비스,100 아누비스,,,,,,,,,,,,,,,,,,,,,,,,,,,,,,87 플로리나,,,,,,,,,,,,,,,,,,,,,,,,,,,,,,,,,,,,,,,,,,,72 불무사,,,,,,,80 실피아,40 헬고트,,,,,,,,,,,,,,,,,,,,,,,,,,,,40 헬고트,,,,,,,,82 아주리비,,,,,,,
73 라이버드,,,,,,,,,,,,,,,,,,,,,,,,,,,,,,,,,,,,,,,,,,,,,,,,,,,,,,,,,,,,,,,,,,,,,,,,,,,,,,,,,,,,,,73 라이버드,,,,,,,,,,,,,,,99 데스스팅,,,,,,,,,,,,85 헤로롱,,,85 헤로롱,,,,,54 모프킹,,,,,,,,,,,,74 적토조,,,
74 적토조,,,,,,,,,,,,,,,,,,,,,,,,,,,,,,,,,,,,,,,,,,,,54 모프킹,,,,,,,,,,,,,,,,,,,,,,,,,,,,,71 버드래곤,,,,,,,100 아누비스,,,,,,,74 적토조,,,,,,,,,,,,,51 퀸비나,,,,,,,,,,,,,,,,,,85 헤로롱,,,91b 트로피티,,,73 라이버드,,,,,,,,,,,,
75 캐티메이지,31 샤키드,,,26 다크울프,,,,,,,,,,,,,,,44 마스크로우,,,,,,,,,,,,,,,,,,,,,,,,,,,72 불무사,,,,55 베비뇽,,,,,,,,,,,,,,,,,58b 사라블랙,,,,,,,,,,,37 신령사슴,,,,,,,,,,75 캐티메이지,,,,,,,,,,,,41 귀요비,91b 트로피티,,,,,,,,,,,,,,,,,,,,72 불무사,,,,,,,,,,,,,,,
76 마호,30 가시공주,39 핑토,6 청부리,23 고스문,28 토푸리,8 몽지,23 고스문,62 썬더 키드,76 마호,81 켈시,67 드릴북이,67 드릴북이,,62 썬더 키드,53 모프링,81b 마그피스,30 가시공주,81b 마그피스,39 핑토,34 캔디쉽,,,,,,,,,,,,,,,,,,,,,,,,,,,,,93 윈드디어,47 질풍수리,,,,,,,,,,,,,,,,,,30 가시공주,,,,,,,,,,,,,,,,,,,,,76 마호,,,,67 드릴북이,,,,,,,,,,,,,,,,,,,,,,,,,,,,86 라브라돈,,,,,,,,,,,,,,,72 불무사
77 초토리,,,,,,,,,,,,,,,,,,,,,,,,,,,,,,,,,,,,,84 만티파이어,,,,,,,,,,,,,69 핑크뇽,,,,,,,,,,,,,,43 도도롱,,,,,,,,,,,,,,,,,,,,,,,,,,77 초토리,,,,,,,,67 드릴북이,,,,,,,,,,,,,,,,,,,,,,,87 플로리나,,,,,,,,,,,,,,,
78 비오레타,,,,,,,,,,,,,,,,,,,,,,,,,,,,,,,,,,,,,,,,,,,,,,,,,,,,,,,,,,,,,,,,,,,,,,,,,,,,,,,,43 도도롱,,,,,,,,,,,78 비오레타,,,,,,,,,,,,,,,,,,,,,,,,,,,,,,64 플로라디노,,,,,,,,,,,,,,,
79 실키누,,,,,,,,,,,,,,,,,,,,,,,,,,,,,,,,,,,,,,,,,,,,,,,,,,,,,,,,,,,,,,,,,,,,,,,,,,,,,,,,,,,,,80 실피아,,,,,,,79 실키누,82 아주리비,,,,,,,,,,,,,,,,,,,,,,,,,,,,52 소름냥이,,,,,,,,,,,,,,,
80 실피아,,,,,,,,,,,,,,,,,,,,,,,,,,,,,,,,,,,,,,,,,,,,,,,,,,84 만티파이어,,,,68 냥뱃,,,,,,,,,,56 썬더콘,,,,,,72 불무사,,,,,,,,,,,,,,,40 헬고트,,,,67 드릴북이,,,95 페스키,80 실피아,,,,,,,,,,,,,,,,,,,,,,,,,,,,65 씨무기,38 나이트윙,,,85 헤로롱,,,,,,,,,,,101 레비드라
81 켈시,,,,,,,,81 켈시,,,,,,,,,,,,,,,,,,,,,,,,23 고스문,,,,,,,,,,,,,,,,,,44 마스크로우,,,,,,,,,,,,,,,,,,,,,,,,,,,,,,,,,46 달서니,,,,,,,,,,,81 켈시,,,,,,,,,,,,,86 라브라돈,,,,,,,,,,,,84 만티파이어,,37 신령사슴,42 불페르노,,,,,,,,,,,,,,56 썬더콘
81b 마그피스,,,,,,,,81 켈시,,,,,,,,,,,,,,,,28 토푸리,,,,,,,,,,,,,,,,,,,,,,,,,,,,,,,,,,,,,,,,,,,,,,,,,,,,,,,,,,,,,,,,,,,,,,,81b 마그피스,,,,,,,,,,,,,,,,,,,,,,,,,,37 신령사슴,,,,,,,,,,,,,,,
82 아주리비,,,,,,,,,,,,,,,,,,49 고릴레이지,,,,,,,,,,,,,,,,,,,,,,,,,,,,,,,,,,,,,,,,,,,,,79 실키누,,,,,,,,,,,,,,,,,,,,100 아누비스,,,,,,,,,,,,,82 아주리비,,,,,,,,,,,,,74 적토조,,,,,,,,,92 장수벌레,,,80 실피아,,,,,,,,,,,,,,,
83 백랑이,,,,,,,,,,,,,,,,,,,,,,,,,,,,,,,,,,,,,,,,,,,,,,58 파이린,,,,,,,,,,,,,,,,,,,,,,,,,,,,,,,,,,,,,,,,,,,,,,,,,,,83 백랑이,,,,,,,,,,,,,,,,,,,,,,,,,,,,,,,,,,,,,,,
84 만티파이어,,,,,,,,,,,,,,,,,,,,93 윈드디어,,,,,,,,,,,,,,,,,,,,,,,,,,,,,55 베비뇽,55 베비뇽,,,,,25 루미카이트,,,,36 멜파카,,,,,,,,,,,,,,,,,,,,,,,,,,,,,,,,,,,93 윈드디어,,,,84 만티파이어,,,,,,,,,,,,,,,,,,80 실피아,,79 실키누,,,72 불무사,52 소름냥이,,,,,,,,,,,,,,
84b 시니에노,,,,,,,,,,,,,,,,,,,,,,,,,,,,,,,,,,,,,,,,,,,,,,,,,,,,,,,,,,,,,,,,,,,,,,,,,,,,,,,,,,,,,,,,,,,,,,,,,,,84b 시니에노,,,,,,,,,,,,,,,,,,,,,,72 불무사,,,,,,,,,,,,,,,
85 헤로롱,59 마호,25 루미카이트,36 멜파카,,,,85b 핑피롱,,,,,,,,,,,61 불미호,,,,,,,59 마호,,,,,,40 헬고트,,,,,,,,,,40 헬고트,,,,42 불페르노,33 초판다,,,,,,,,,,,,,,,,,,,,,,,,,,,,,,,,,,,,,,,,,,41 귀요비,,,,,,,,,,,,85 헤로롱,,100 아누비스,,,,,,,85 헤로롱,,,,,,,101 레비드라,,,,,90 그린모스,90 그린모스,,98 라바드래곤,98 라바드래곤,,,,,,97 헬가루다,,,,,
85b 핑피롱,,,,,,,,,,,,,,,,,,,,,,,,,,,,,,,,,,,,,,51 퀸비나,,,,,,,,33 초판다,,,,,,,,,,,,,,,,,,,,,,,,,,,,,,,,,,,,,,,,99 데스스팅,,91b 트로피티,,,,,,,,,,,,,85b 핑피롱,61 불미호,,,,,,,,,,,,,,101 레비드라,,,,,38 나이트윙,,,,,,,,,,,,,,,
86 라브라돈,,,,,,86b 스프라돈,,,,,,,,,,,,45 도마맨,,,,,,,,,,,,,,,,,,,,,,,,,,,,,,,,,,,,,,,,,,,,,,,,,,,,,,,,,,,,,,,,,,,,,,,,,,,,,,,,,,100 아누비스,61 불미호,86 라브라돈,,,40 헬고트,,,,100 아누비스,,,,,,40 헬고트,,,11 펭킹,,,84 만티파이어,,,79 실키누,,,,,,,,,,,,
86b 스프라돈,,,,,,,,,,,,,,,,,,,,,,,,,,,,,,,,,,,,,,,,,,,,,,,,,,,,,,,,,,,,,,,,,,,,,,,,,,,,,,,,,,,,,,,,,,,,,,,,,,,,,,,86b 스프라돈,,,,,,,,,,,,,40 헬고트,,,,,,,,,,,,,,,,,,,,
87 플로리나,,,,,,,,,,,,,,,,,,,,,,,,,,,,,,,,,,,,,,,,,,67 드릴북이,,,,,,,,61 불미호,35 베리고트,,,,,,,29 밀카우,,,,,,,,,,,,,,,,,,,,,64 플로라디노,,,,,,,,,,,,,,,,,,,,,,,,,87 플로리나,,,,,,,,,65 씨무기,,,,,,,,56 썬더콘,,,,,,,,,,,,,,,
88 볼카노,,,,,60 썬도그,,,,,,,,,,,,,,,,,,,,,,,,,,,,,,,,,,,,,,,,,,,,,,,,,,,,,,,,,,,,,,,,,,,,,,,,,,,,,,,,,,,,,,,,,,,,,11 펭킹,,90 그린모스,,,,,88 볼카노,,,,,,,,,,,51 퀸비나,,,,,79 실키누,,,,,,,,,,,,,,,
88b 프로스카노,,,,,,,,,,,,,,,,,,55 베비뇽,,,,,,,,,,,,,,,,,,,,,,,,,,,,,,,,,,,,,,,,,,,,,,,,,,,,,,,,,,,,,,,,,,,,,,,,,,,,,,,,,,,,,,,,88b 프로스카노,,,,,,,,,,,,,,,,,,,,,,,,,,,,,,
89 킹파카,93 윈드디어,,,,,,,,,,82 아주리비,5 파이호,,,,,,,,,,,,,,,,,,,,,,,,,,,,,,,,,,,,,,,,,,,,,,,,,,36 멜파카,,72 불무사,,,,,,,,,,,,,,,,,,,,,,,,,,,,,,,,,,,,,,,,,,,89 킹파카,,,,,,,,,,,,,,11 펭킹,,,,,,,,,,,,,,,
89b 아이스 킹파카,,,,,,,,,,,,,,,,,,,,,,,,,,,,,,,,,,,,,,,,,,,,,,,,,,,,,,,,,,,,,,,,,,,,,,,,,,,,,,,,,,,,,,,,,,,,,,,,,,,,,,,,,,,,89b 아이스 킹파카,,,,,,,,,,91b 트로피티,,,,,,,,,,,,,,,,,,
90 그린모스,,,,,,,,,,,,,,,,,,,59 마호,,,,,,,,,,,,,,,,,,,,,,,,,,,79 실키누,,,,,,,,,,,,,,,,,,,,,,,,,,,,,,,,,,,,,,,,,,,,,,,,,,,,,,,,100 아누비스,,,101 레비드라,99 데스스팅,,,90 그린모스,,,,,,71 버드래곤,,,,,,33 초판다,,,,,,,,,,,,,,,
90b 블리자모스,,,,,,,,,,,,,,,,,,,,,,,,,,,,,,,,,,,,,,,,,,,,,,,,,,,,,,,,,,,,,,,,,,,,,,,,,,,,,,,,,,,,,,,,,,,,,,,,,,,,,,,,,,,,,,90b 블리자모스,,,,,,,,,,,,,,,,,,,,,,,,,,
91 움포,,,,,,,,,,,,,,,,,,,,,,,,,,,,,,,,,,,,,,,,,,,,,,,,,,,,,,,,,,,,,,,,,,,,,,,,,,,,,,,,,,,,,,,,,,,,,,,,,,,,,,,,,,,,,,,91 움포,,,,,,,,,,11 펭킹,,,,,,,,,,,,,,,
91b 트로피티,,,,,,,,,,,,,,,,,,,,,,,,,,,,,,,,,,,,,,,,,,,,,,,,,,,,,,,,,,,,,,,,,100 아누비스,72 불무사,,58 파이린,,,,,,,,,,,,,,,,,,,,,,,,,,,,,,,,,,,,,,,,,,,,91b 트로피티,,,,,,,,,11 펭킹,,,,,,,,,,,,,,,
92 장수벌레,,,,,,,,,,,,,,,,,,,,,,,,,,,,,,,,,,,,,,,,,,,,,,91 움포,,,,,,,,,,,,,,,,,,,,,,,,,40 헬고트,,,,,,,,,80 실피아,,,,,41 귀요비,85 헤로롱,,11 펭킹,,,,,79 실키누,,,,,,,,101 레비드라,,,,,,,,,,,,92 장수벌레,,,,,,,,79 실키누,,,,,,,,,73 라이버드,,,,,,
93 윈드디어,22 두더비,22 두더비,,,,,,,,,,,76 마호,,,,,,,,,44 마스크로우,63 루나리스,,,,,,,,,,,,,,,,,,35 베리고트,,,75 캐티메이지,,,,,,,,,,,,,,,,,,,,,,,,,,,,,,,,,,,,,,,,,,,,,,,,,,,,,,,,,,37 신령사슴,,,,,,,,,,,,93 윈드디어,,,,,,,87 플로리나,,,,,,,,,,,,,,,
94 블러드캐티,,,,,62 썬더 키드,,,,,,,,,,,,,,,,50 비나이트,,,,,,,,,,,,,,,,,,,,,,,,55 베비뇽,55 베비뇽,,,,46 달서니,49 고릴레이지,,,,48 로빈몽,,,47 질풍수리,,,,,,,,,,,,,,,,,,,,,,,,,,,,,,,,,,,,,,,,,,,,,,,,,,,,,,,,,94 블러드캐티,,,,,,42 불페르노,,,,,,,,,,,,,,,
95 페스키,,,,,,,,,,,,,,,,,,,,42 불페르노,,,,,,,40 헬고트,,,,,,,,,,,,,,72 불무사,,,,,,,,,,,,,,,,,,84 만티파이어,,,,,100 아누비스,,,,,,,40 헬고트,,,,,,,,,,,,,,,85 헤로롱,,,,,,,,,,,,80 실피아,,,,,,,,,,,,,,,,,,95 페스키,,85 헤로롱,,,91 움포,51 퀸비나,,,,,,,,,,,,,,73 라이버드
96 마그마카이저,,,,,,,,,,,,,,,,,,,,,,,,,,,,,,,,,,,,,,,,,,,,,,,,,,,,,,,,,,,,,,,,,,,,,,,,,,,,,,,,,,,,,,,,,,,,,,,,,,,,,,,,,,,,,,,,,,,,,96 마그마카이저,,,,,,,,,,,,,,,,,,,102 주작
97 헬가루다,,,,,,,,,,,,,,,,,,,,,71 버드래곤,,,,,,,,,,,,,,,,,,,,,,,101 레비드라,68 냥뱃,74 적토조,,,,,,,,,,,,,,,,,,,,91b 트로피티,,,,,,,,,,,,,,,,,,,,,,,,,,,,,,,,79 실키누,,,,11 펭킹,,,,,,,51 퀸비나,,,,,,,85 헤로롱,,97 헬가루다,,,74 적토조,,,,,,,,,,,,,,,
98 라바드래곤,,,,,,,,,,,,,,,,,,,,,,,,,,,,,,84 만티파이어,80 실피아,,,,,,,,,,,,,,,,,,,,,,,,,,,,,,,,,,38 나이트윙,,,,11 펭킹,,107 제노그리프,,,,,,,,82 아주리비,,,,,,,,,,,,,,,,,,,,,73 라이버드,,,,,73 라이버드,,,,,,,,,,,,,,98 라바드래곤,73 라이버드,58 파이린,73 라이버드,,,,,,,,,83 백랑이,,,,,83 백랑이
99 데스스팅,,,,,,,,,,,,,,,,,,,,,,,,,,,,,,,,,,,,,,,,,,,,,,,,,,,,,,,,,,,,,,,,,,,101 레비드라,,,,,,,,,,,,,,,,,,,,88 볼카노,,,,,,,,,,,,,,,,,,,,,,,,,,,,,,,73 라이버드,,99 데스스팅,,,,,,,,,,,,,,,,
100 아누비스,48 로빈몽,48 로빈몽,47 질풍수리,94 블러드캐티,93 윈드디어,46 달서니,77 초토리,29 밀카우,86 라브라돈,46 달서니,80 실피아,80 실피아,46 달서니,29 밀카우,94 블러드캐티,93 윈드디어,47 질풍수리,93 윈드디어,94 블러드캐티,43 도도롱,67 드릴북이,59 마호,43 도도롱,35 베리고트,47 질풍수리,94 블러드캐티,84 만티파이어,64 플로라디노,46 달서니,37 신령사슴,60 썬도그,46 달서니,61 불미호,61 불미호,77 초토리,77 초토리,82 아주리비,91b 트로피티,59 마호,68 냥뱃,60 썬도그,68 냥뱃,60 썬도그,82 아주리비,69 핑크뇽,100 아누비스,100 아누비스,80 실피아,56 썬더콘,60 썬도그,61 불미호,67 드릴북이,67 드릴북이,57 빙호,55 베비뇽,42 불페르노,42 불페르노,55 베비뇽,64 플로라디노,79 실키누,80 실피아,35 베리고트,41 귀요비,56 썬더콘,72 불무사,71 버드래곤,91 움포,54 모프킹,60 썬도그,71 버드래곤,75 캐티메이지,36 멜파카,67 드릴북이,75 캐티메이지,56 썬더콘,100 아누비스,65 씨무기,86 라브라돈,84 만티파이어,71 버드래곤,68 냥뱃,77 초토리,105 호루스,40 헬고트,40 헬고트,54 모프킹,91b 트로피티,72 불무사,86 라브라돈,87 플로리나,64 플로라디노,52 소름냥이,65 씨무기,37 신령사슴,37 신령사슴,80 실피아,,72 불무사,72 불무사,90 그린모스,38 나이트윙,84 만티파이어,,56 썬더콘,79 실키누,,11 펭킹,,33 초판다,,11 펭킹,11 펭킹,79 실키누,87 플로리나,42 불페르노,91 움포,,74 적토조,58 파이린,,100 아누비스,,,101 레비드라,,,,,89 킹파카,,101 레비드라,,,,,
101 레비드라,36 멜파카,36 멜파카,29 밀카우,25 루미카이트,67 드릴북이,64 플로라디노,86 라브라돈,87 플로리나,60 썬도그,61 불미호,38 나이트윙,67 드릴북이,61 불미호,,59 마호,,,,,,,,,,,,,,,,,,,,,,,,,,,40 헬고트,,58 파이린,,79 실키누,,,80 실피아,,,60 썬도그,,,,,,,,,,,,,,80 실피아,51 퀸비나,,,,100 아누비스,,,,,,,,,,,86 라브라돈,91b 트로피티,,,,92 장수벌레,,91b 트로피티,,,,38 나이트윙,,,,,52 소름냥이,,90 그린모스,,,,,,,,,,,,,,72 불무사,,51 퀸비나,,99 데스스팅,73 라이버드,,79 실키누,101 레비드라,101 레비드라,102b 시바,98 라바드래곤,,,,92 장수벌레,,,,,,,97 헬가루다
101b 아그니드라,,,,,,,,,,61 불미호,,,,,,,,,,,,,,,,,,,,,,,,,,,,,,,,72 불무사,,,,,,,,,,,,,,,,,,,,,,,,,92 장수벌레,,,,,,,,,,,,,,,,,,,,,,,,,,,42 불페르노,42 불페르노,54 모프킹,,,,90 그린모스,,,,,,,,,,,,,,,,,,,,,,101 레비드라,101b 아그니드라,,,,,,,,97 헬가루다,,,,,
102 주작,,,87 플로리나,,,,,,,,85 헤로롱,84 만티파이어,,,,,57 빙호,,,,,,,,,,,,,,91b 트로피티,,,,,,,,,,,,,,,88 볼카노,,,,89 킹파카,,,,,,,,,,,,,,,,,,,,,,,,,,,,,,,,,,,,,,,,,,,,,71 버드래곤,,,,,98 라바드래곤,,,,,,,,,,,,,,,,,,,,,,,97 헬가루다,102 주작,102 주작,,,,,,,,,,,102 주작
102b 시바,,,,,,,,,,,,,,,,,,,,,,,,,,,,,,,,,,,,,,,,,,,,,,101 레비드라,,,,,65 씨무기,,,,80 실피아,,,,,,,,,,,,,,,,,,,,,,,,,,,,,,,,,,,,,,85 헤로롱,,,,,,,98 라바드래곤,,,,,,,,,,,,,,,,,,,,,,,97 헬가루다,,102b 시바,,,,,,,,,,,
103 일렉판다,,,,,,,,,,,,,,,,,,,,,,,,,,,,,,,,,,,,,,,,,,,,,,,,,,,,,,,,,,,,,,,,,,,,,,,,,,,,,,,,,,,,,,,,,,,,,,,,,,,,,,,,,,,,,,,,,,,,,,,,,,,,,,103 일렉판다,,,,,83 백랑이,,,,,
104 릴린,,,,,,,,,,,,,,,,,,,,60 썬도그,,,,,,,,,,,,,,,,,,,,,,,,,,,,,,,,,,,,,,,,,,,,,,,,,,,,,,,,,,,,,,,,,,,,,,,,,,,,,,,,,,,,,,,,,,,,,,,,,,,97 헬가루다,,,85 헤로롱,,,,,104 릴린,,101 레비드라,,98 라바드래곤,,,,,
104b 루나퀸,,,,,,,,,,,,,,,,,,,,,,,,,,,,,,,,,,,,,,,,,,,,,,,,,,,,,,,,,,,,,,,,,,,,,,,,,,,,,,,,,,,,,,,,,,,,,,,,,,,,,,,,,,,,,,,,,,,,,,,,,,,,,,,,104b 루나퀸,,,,,,,,
105 호루스,,,,,,,,,,,,,,,,,,,,,,,,,,,,,,,,,,,,,,,,,,,,,,,,,,,,,,,,,,,,,,,,,,,,,,,,,,,,,,,,,,,,,82 아주리비,,,,,,,,,,,,,,,,,,,,,,,,,,,,,,,,,,99 데스스팅,101 레비드라,89 킹파카,92 장수벌레,,73 라이버드,,,,,105 호루스,,,,,,,73 라이버드
106 전룡맨,,,,,,,,,,,,,,,,,,,,,,,,,,,,,,,11 펭킹,,,,,,,,,,,,,,,,,,,,,,,,,,,,,,,,,,,,,,,,,,,,,,,,,,,,,,,,,,,,,,,,,,,,,,,,,,,,,,,,,,,,,,,,,,,,,,,,,,,106 전룡맨,,,,,,
107 제노그리프,,,,,,,,,,,,,,,,,,,,,,,,,,,,,,,,,,,,,,,,,,,,,,,,,,,,,,,,,,,,,,,,,58 파이린,,,,,,,,,,,,,,,,,,,,,,,,,,,,,,,,,,,,,,,,,,,,,,,,,,,,,,83 백랑이,,101 레비드라,,97 헬가루다,,,83 백랑이,98 라바드래곤,,,,107 제노그리프,,102 주작,,,
108 팔라디우스,,,,,,,,,,,,,,,,,,,,,,,,,,,,,,,,,,,,,,,,,,4 큐룰리스,,,,,,,,,,,,,,,,,,,,,,,,,,,,,,,,,,,,,,,,,,,,,,,,,,,,,,,,,,,,,,,,,,,,,,,,,,,,,,,,,,,,,,,,,,108 팔라디우스,102 주작,,,
109 켄타나이트,,,,,,,,,,,,,,,,,,,,,,,,,,,,,,,,,,,,,,,,,,,,,,,,,,,,,,,,,,,,,,,,,,,,,,,,,,,,,,,,,,,,,,,,,,,,,,,,,,,,,,,,,,,,,,,,,,,,,,,,,,,,,,,,,,,102 주작,102 주작,109 켄타나이트,,,
110 빙천마,,,64 플로라디노,,,,,,,,,,,,,,,,,,,49 고릴레이지,,,,87 플로리나,,,,,,,,,,,,,,,,,,,,,95 페스키,,,,,,,,,,,,,,,,,,,,,,,,,,,,,,,,,33 초판다,,,,,,,,,,,,,,,,,,,,97 헬가루다,,,,79 실키누,,,,,,,85 헤로롱,,,80 실피아,100 아누비스,73 라이버드,102 주작,110b 흑천마,83 백랑이,97 헬가루다,92 장수벌레,,73 라이버드,,,98 라바드래곤,,98 라바드래곤,,,102 주작,,,110 빙천마,,
110b 흑천마,,,,,,,,,,,,,,,,,,,,,,,,,,,,,,,,,,,,,,,,,,,,,,,,,,,,,,,,,,,,,,,,,,,,,,,,,,,,,,,,,,,,,,,,,,,,,,,,,,,,,,,,,,,,,,,,,,,,,,,,,,,,,,,,,,,,,,,110b 흑천마,
111 제트래곤,87 플로리나,87 플로리나,42 불페르노,57 빙호,68 냥뱃,84 만티파이어,,,,,,,,,,,,,,,,,,,,,,,,,,,,,,,,,,,,,,,,,,,,,,,,,,,,,,,,,,,,,,,,,,,40 헬고트,,,,,,,,,,,,,,,,72 불무사,,,,,,,,,,,,,,,,,,,,,,,,,,,,102 주작,,83 백랑이,,51 퀸비나,,,102 주작,,,,,73 라이버드,,102 주작,,,,,111 제트래곤
